arquivo,profissao,genero,rotulo,prompt
avatar_doctor_m.webp,DOCTOR,M,Médico,"Semi-realistic 3D character portrait, bust shot, male doctor aged 32, light olive skin, short dark-brown hair, wearing a crisp white doctor's coat over a teal V-neck scrub top, fine gold piping on the lapels, with a stethoscope draped around the neck with a polished silver-and-gold chest piece, calm confident expression, subtle smile, realistic human proportions, studio three-point lighting with warm golden key light, soft rim light, refined skin and fabric textures, plain deep midnight-blue (#0B1026) to indigo (#2A3290) gradient background with soft gold halo behind the head, premium mobile game avatar, high detail, centered, square, face about 45% of the frame"
avatar_doctor_f.webp,DOCTOR,F,Médica,"Semi-realistic 3D character portrait, bust shot, female doctor aged 58, deep brown skin, dark hair in a low bun, wearing a crisp white doctor's coat over a teal V-neck scrub top, fine gold piping on the lapels, with a stethoscope draped around the neck with a polished silver-and-gold chest piece, calm confident expression, subtle smile, realistic human proportions, studio three-point lighting with warm golden key light, soft rim light, refined skin and fabric textures, plain deep midnight-blue (#0B1026) to indigo (#2A3290) gradient background with soft gold halo behind the head, premium mobile game avatar, high detail, centered, square, face about 45% of the frame"
avatar_chef_m.webp,CHEF,M,Cozinheiro,"Semi-realistic 3D character portrait, bust shot, male chef aged 45, medium tan skin, short black curly hair, short well-groomed beard, wearing a white double-breasted chef's jacket with grey buttons and a red neckerchief, gold embroidered trim, with a tall pleated white chef's toque, calm confident expression, subtle smile, realistic human proportions, studio three-point lighting with warm golden key light, soft rim light, refined skin and fabric textures, plain deep midnight-blue (#0B1026) to indigo (#2A3290) gradient background with soft gold halo behind the head, premium mobile game avatar, high detail, centered, square, face about 45% of the frame"
avatar_chef_f.webp,CHEF,F,Cozinheira,"Semi-realistic 3D character portrait, bust shot, female chef aged 35, fair skin, blonde hair in a ponytail, wearing a white double-breasted chef's jacket with grey buttons and a red neckerchief, gold embroidered trim, with a tall pleated white chef's toque, calm confident expression, subtle smile, realistic human proportions, studio three-point lighting with warm golden key light, soft rim light, refined skin and fabric textures, plain deep midnight-blue (#0B1026) to indigo (#2A3290) gradient background with soft gold halo behind the head, premium mobile game avatar, high detail, centered, square, face about 45% of the frame"
avatar_engineer_m.webp,ENGINEER,M,Engenheiro,"Semi-realistic 3D character portrait, bust shot, male engineer aged 28, warm brown skin, neatly side-swept chestnut hair, wearing a slate-grey work shirt under an orange high-visibility vest with reflective yellow stripes and gold buckles, with a glossy yellow hard hat with an amber headlamp at the front, calm confident expression, subtle smile, realistic human proportions, studio three-point lighting with warm golden key light, soft rim light, refined skin and fabric textures, plain deep midnight-blue (#0B1026) to indigo (#2A3290) gradient background with soft gold halo behind the head, premium mobile game avatar, high detail, centered, square, face about 45% of the frame"
avatar_engineer_f.webp,ENGINEER,F,Engenheira,"Semi-realistic 3D character portrait, bust shot, female engineer aged 41, light olive skin, long voluminous curly black hair, wearing a slate-grey work shirt under an orange high-visibility vest with reflective yellow stripes and gold buckles, with a glossy yellow hard hat with an amber headlamp at the front, calm confident expression, subtle smile, realistic human proportions, studio three-point lighting with warm golden key light, soft rim light, refined skin and fabric textures, plain deep midnight-blue (#0B1026) to indigo (#2A3290) gradient background with soft gold halo behind the head, premium mobile game avatar, high detail, centered, square, face about 45% of the frame"
avatar_teacher_m.webp,TEACHER,M,Professor,"Semi-realistic 3D character portrait, bust shot, male teacher aged 52, deep brown skin, clean-shaven bald head, wearing a warm brown tailored blazer over a white open-collar shirt, small gold lapel pin, with round black-rimmed reading glasses, calm confident expression, subtle smile, realistic human proportions, studio three-point lighting with warm golden key light, soft rim light, refined skin and fabric textures, plain deep midnight-blue (#0B1026) to indigo (#2A3290) gradient background with soft gold halo behind the head, premium mobile game avatar, high detail, centered, square, face about 45% of the frame"
avatar_teacher_f.webp,TEACHER,F,Professora,"Semi-realistic 3D character portrait, bust shot, female teacher aged 30, medium tan skin, copper-red hair in a neat bun, wearing a warm brown tailored blazer over a white open-collar shirt, small gold lapel pin, with round black-rimmed reading glasses, calm confident expression, subtle smile, realistic human proportions, studio three-point lighting with warm golden key light, soft rim light, refined skin and fabric textures, plain deep midnight-blue (#0B1026) to indigo (#2A3290) gradient background with soft gold halo behind the head, premium mobile game avatar, high detail, centered, square, face about 45% of the frame"
avatar_firefighter_m.webp,FIREFIGHTER,M,Bombeiro,"Semi-realistic 3D character portrait, bust shot, male firefighter aged 38, fair skin, short salt-and-pepper hair, short well-groomed beard, wearing a charcoal turnout coat with a bright yellow reflective band across the chest, gold clasps, with a red firefighter helmet with a gold shield emblem on the front, calm confident expression, subtle smile, realistic human proportions, studio three-point lighting with warm golden key light, soft rim light, refined skin and fabric textures, plain deep midnight-blue (#0B1026) to indigo (#2A3290) gradient background with soft gold halo behind the head, premium mobile game avatar, high detail, centered, square, face about 45% of the frame"
avatar_firefighter_f.webp,FIREFIGHTER,F,Bombeira,"Semi-realistic 3D character portrait, bust shot, female firefighter aged 47, warm brown skin, long straight black hair, wearing a charcoal turnout coat with a bright yellow reflective band across the chest, gold clasps, with a red firefighter helmet with a gold shield emblem on the front, calm confident expression, subtle smile, realistic human proportions, studio three-point lighting with warm golden key light, soft rim light, refined skin and fabric textures, plain deep midnight-blue (#0B1026) to indigo (#2A3290) gradient background with soft gold halo behind the head, premium mobile game avatar, high detail, centered, square, face about 45% of the frame"
avatar_scientist_m.webp,SCIENTIST,M,Cientista,"Semi-realistic 3D character portrait, bust shot, male scientist aged 58, light olive skin, short auburn hair, wearing a white lab coat over a light-blue shirt, red and blue pens in the breast pocket, gold collar detail, with clear safety goggles with cyan lenses resting on the forehead, calm confident expression, subtle smile, realistic human proportions, studio three-point lighting with warm golden key light, soft rim light, refined skin and fabric textures, plain deep midnight-blue (#0B1026) to indigo (#2A3290) gradient background with soft gold halo behind the head, premium mobile game avatar, high detail, centered, square, face about 45% of the frame"
avatar_scientist_f.webp,SCIENTIST,F,Cientista,"Semi-realistic 3D character portrait, bust shot, female scientist aged 26, deep brown skin, shoulder-length chestnut bob, wearing a white lab coat over a light-blue shirt, red and blue pens in the breast pocket, gold collar detail, with clear safety goggles with cyan lenses resting on the forehead, calm confident expression, subtle smile, realistic human proportions, studio three-point lighting with warm golden key light, soft rim light, refined skin and fabric textures, plain deep midnight-blue (#0B1026) to indigo (#2A3290) gradient background with soft gold halo behind the head, premium mobile game avatar, high detail, centered, square, face about 45% of the frame"
avatar_pilot_m.webp,PILOT,M,Piloto,"Semi-realistic 3D character portrait, bust shot, male pilot aged 35, medium tan skin, short dark-brown hair, wearing a navy-blue airline captain's uniform with white shirt, black tie and gold epaulettes, with a navy captain's cap with a black visor and a gold wings badge, calm confident expression, subtle smile, realistic human proportions, studio three-point lighting with warm golden key light, soft rim light, refined skin and fabric textures, plain deep midnight-blue (#0B1026) to indigo (#2A3290) gradient background with soft gold halo behind the head, premium mobile game avatar, high detail, centered, square, face about 45% of the frame"
avatar_pilot_f.webp,PILOT,F,Piloto,"Semi-realistic 3D character portrait, bust shot, female pilot aged 55, fair skin, dark hair in a low bun, wearing a navy-blue airline captain's uniform with white shirt, black tie and gold epaulettes, with a navy captain's cap with a black visor and a gold wings badge, calm confident expression, subtle smile, realistic human proportions, studio three-point lighting with warm golden key light, soft rim light, refined skin and fabric textures, plain deep midnight-blue (#0B1026) to indigo (#2A3290) gradient background with soft gold halo behind the head, premium mobile game avatar, high detail, centered, square, face about 45% of the frame"
avatar_artist_m.webp,ARTIST,M,Pintor,"Semi-realistic 3D character portrait, bust shot, male artist aged 41, warm brown skin, short black curly hair, short well-groomed beard, wearing an off-white painter's smock with small colorful paint splashes (yellow, red, green, blue), gold buttons, with a red beret tilted to one side, calm confident expression, subtle smile, realistic human proportions, studio three-point lighting with warm golden key light, soft rim light, refined skin and fabric textures, plain deep midnight-blue (#0B1026) to indigo (#2A3290) gradient background with soft gold halo behind the head, premium mobile game avatar, high detail, centered, square, face about 45% of the frame"
avatar_artist_f.webp,ARTIST,F,Pintora,"Semi-realistic 3D character portrait, bust shot, female artist aged 36, light olive skin, blonde hair in a ponytail, wearing an off-white painter's smock with small colorful paint splashes (yellow, red, green, blue), gold buttons, with a red beret tilted to one side, calm confident expression, subtle smile, realistic human proportions, studio three-point lighting with warm golden key light, soft rim light, refined skin and fabric textures, plain deep midnight-blue (#0B1026) to indigo (#2A3290) gradient background with soft gold halo behind the head, premium mobile game avatar, high detail, centered, square, face about 45% of the frame"
avatar_nurse_m.webp,NURSE,M,Enfermeiro,"Semi-realistic 3D character portrait, bust shot, male nurse aged 30, deep brown skin, neatly side-swept chestnut hair, wearing light-blue nurse scrubs with a white V-neck and a navy breast-pocket badge, gold piping, with a light-blue scrub cap with a small white cross, calm confident expression, subtle smile, realistic human proportions, studio three-point lighting with warm golden key light, soft rim light, refined skin and fabric textures, plain deep midnight-blue (#0B1026) to indigo (#2A3290) gradient background with soft gold halo behind the head, premium mobile game avatar, high detail, centered, square, face about 45% of the frame"
avatar_nurse_f.webp,NURSE,F,Enfermeira,"Semi-realistic 3D character portrait, bust shot, female nurse aged 43, medium tan skin, long voluminous curly black hair, wearing light-blue nurse scrubs with a white V-neck and a navy breast-pocket badge, gold piping, with a light-blue scrub cap with a small white cross, calm confident expression, subtle smile, realistic human proportions, studio three-point lighting with warm golden key light, soft rim light, refined skin and fabric textures, plain deep midnight-blue (#0B1026) to indigo (#2A3290) gradient background with soft gold halo behind the head, premium mobile game avatar, high detail, centered, square, face about 45% of the frame"
avatar_police_m.webp,POLICE,M,Policial,"Semi-realistic 3D character portrait, bust shot, male police aged 47, fair skin, clean-shaven bald head, wearing a dark navy police uniform shirt, white collar, black tie and a gold badge on the chest, with a navy police peaked cap with a black visor and gold insignia, calm confident expression, subtle smile, realistic human proportions, studio three-point lighting with warm golden key light, soft rim light, refined skin and fabric textures, plain deep midnight-blue (#0B1026) to indigo (#2A3290) gradient background with soft gold halo behind the head, premium mobile game avatar, high detail, centered, square, face about 45% of the frame"
avatar_police_f.webp,POLICE,F,Policial,"Semi-realistic 3D character portrait, bust shot, female police aged 33, warm brown skin, copper-red hair in a neat bun, wearing a dark navy police uniform shirt, white collar, black tie and a gold badge on the chest, with a navy police peaked cap with a black visor and gold insignia, calm confident expression, subtle smile, realistic human proportions, studio three-point lighting with warm golden key light, soft rim light, refined skin and fabric textures, plain deep midnight-blue (#0B1026) to indigo (#2A3290) gradient background with soft gold halo behind the head, premium mobile game avatar, high detail, centered, square, face about 45% of the frame"
avatar_farmer_m.webp,FARMER,M,Agricultor,"Semi-realistic 3D character portrait, bust shot, male farmer aged 26, light olive skin, short salt-and-pepper hair, short well-groomed beard, wearing a red plaid shirt under blue denim overalls with gold buttons, with a wide-brimmed straw hat with a brown leather band, calm confident expression, subtle smile, realistic human proportions, studio three-point lighting with warm golden key light, soft rim light, refined skin and fabric textures, plain deep midnight-blue (#0B1026) to indigo (#2A3290) gradient background with soft gold halo behind the head, premium mobile game avatar, high detail, centered, square, face about 45% of the frame"
avatar_farmer_f.webp,FARMER,F,Agricultora,"Semi-realistic 3D character portrait, bust shot, female farmer aged 50, deep brown skin, long straight black hair, wearing a red plaid shirt under blue denim overalls with gold buttons, with a wide-brimmed straw hat with a brown leather band, calm confident expression, subtle smile, realistic human proportions, studio three-point lighting with warm golden key light, soft rim light, refined skin and fabric textures, plain deep midnight-blue (#0B1026) to indigo (#2A3290) gradient background with soft gold halo behind the head, premium mobile game avatar, high detail, centered, square, face about 45% of the frame"
avatar_mechanic_m.webp,MECHANIC,M,Mecânico,"Semi-realistic 3D character portrait, bust shot, male mechanic aged 55, medium tan skin, short auburn hair, wearing a royal-blue zip-up mechanic coverall with a white name patch and a gold zipper pull, a faint grease smudge on the cheek, with a red baseball cap worn slightly to the side, calm confident expression, subtle smile, realistic human proportions, studio three-point lighting with warm golden key light, soft rim light, refined skin and fabric textures, plain deep midnight-blue (#0B1026) to indigo (#2A3290) gradient background with soft gold halo behind the head, premium mobile game avatar, high detail, centered, square, face about 45% of the frame"
avatar_mechanic_f.webp,MECHANIC,F,Mecânica,"Semi-realistic 3D character portrait, bust shot, female mechanic aged 32, fair skin, shoulder-length chestnut bob, wearing a royal-blue zip-up mechanic coverall with a white name patch and a gold zipper pull, a faint grease smudge on the cheek, with a red baseball cap worn slightly to the side, calm confident expression, subtle smile, realistic human proportions, studio three-point lighting with warm golden key light, soft rim light, refined skin and fabric textures, plain deep midnight-blue (#0B1026) to indigo (#2A3290) gradient background with soft gold halo behind the head, premium mobile game avatar, high detail, centered, square, face about 45% of the frame"
avatar_musician_m.webp,MUSICIAN,M,Músico,"Semi-realistic 3D character portrait, bust shot, male musician aged 36, warm brown skin, short dark-brown hair, wearing a deep purple velvet jacket over a white shirt, small gold musical-note pin, with black studio headphones with orange ear cups resting over the ears, calm confident expression, subtle smile, realistic human proportions, studio three-point lighting with warm golden key light, soft rim light, refined skin and fabric textures, plain deep midnight-blue (#0B1026) to indigo (#2A3290) gradient background with soft gold halo behind the head, premium mobile game avatar, high detail, centered, square, face about 45% of the frame"
avatar_musician_f.webp,MUSICIAN,F,Música,"Semi-realistic 3D character portrait, bust shot, female musician aged 45, light olive skin, dark hair in a low bun, wearing a deep purple velvet jacket over a white shirt, small gold musical-note pin, with black studio headphones with orange ear cups resting over the ears, calm confident expression, subtle smile, realistic human proportions, studio three-point lighting with warm golden key light, soft rim light, refined skin and fabric textures, plain deep midnight-blue (#0B1026) to indigo (#2A3290) gradient background with soft gold halo behind the head, premium mobile game avatar, high detail, centered, square, face about 45% of the frame"
avatar_lawyer_m.webp,LAWYER,M,Advogado,"Semi-realistic 3D character portrait, bust shot, male lawyer aged 43, deep brown skin, short black curly hair, short well-groomed beard, wearing a dark charcoal tailored suit, white shirt and a crimson tie, gold cufflinks, with a slim gold pen visible in the breast pocket, calm confident expression, subtle smile, realistic human proportions, studio three-point lighting with warm golden key light, soft rim light, refined skin and fabric textures, plain deep midnight-blue (#0B1026) to indigo (#2A3290) gradient background with soft gold halo behind the head, premium mobile game avatar, high detail, centered, square, face about 45% of the frame"
avatar_lawyer_f.webp,LAWYER,F,Advogada,"Semi-realistic 3D character portrait, bust shot, female lawyer aged 28, medium tan skin, blonde hair in a ponytail, wearing a dark charcoal tailored suit, white shirt and a crimson tie, gold cufflinks, with a slim gold pen visible in the breast pocket, calm confident expression, subtle smile, realistic human proportions, studio three-point lighting with warm golden key light, soft rim light, refined skin and fabric textures, plain deep midnight-blue (#0B1026) to indigo (#2A3290) gradient background with soft gold halo behind the head, premium mobile game avatar, high detail, centered, square, face about 45% of the frame"
avatar_photographer_m.webp,PHOTOGRAPHER,M,Fotógrafo,"Semi-realistic 3D character portrait, bust shot, male photographer aged 33, fair skin, neatly side-swept chestnut hair, wearing a light taupe field jacket with a brown leather camera strap across the chest, with a professional black camera held at chest height and a grey cap, calm confident expression, subtle smile, realistic human proportions, studio three-point lighting with warm golden key light, soft rim light, refined skin and fabric textures, plain deep midnight-blue (#0B1026) to indigo (#2A3290) gradient background with soft gold halo behind the head, premium mobile game avatar, high detail, centered, square, face about 45% of the frame"
avatar_photographer_f.webp,PHOTOGRAPHER,F,Fotógrafa,"Semi-realistic 3D character portrait, bust shot, female photographer aged 52, warm brown skin, long voluminous curly black hair, wearing a light taupe field jacket with a brown leather camera strap across the chest, with a professional black camera held at chest height and a grey cap, calm confident expression, subtle smile, realistic human proportions, studio three-point lighting with warm golden key light, soft rim light, refined skin and fabric textures, plain deep midnight-blue (#0B1026) to indigo (#2A3290) gradient background with soft gold halo behind the head, premium mobile game avatar, high detail, centered, square, face about 45% of the frame"
avatar_sailor_m.webp,SAILOR,M,Marinheiro,"Semi-realistic 3D character portrait, bust shot, male sailor aged 50, light olive skin, clean-shaven bald head, wearing a white sailor shirt with navy-blue horizontal stripes and a blue neckerchief, gold anchor pin, with a white sailor cap with a navy band, calm confident expression, subtle smile, realistic human proportions, studio three-point lighting with warm golden key light, soft rim light, refined skin and fabric textures, plain deep midnight-blue (#0B1026) to indigo (#2A3290) gradient background with soft gold halo behind the head, premium mobile game avatar, high detail, centered, square, face about 45% of the frame"
avatar_sailor_f.webp,SAILOR,F,Marinheira,"Semi-realistic 3D character portrait, bust shot, female sailor aged 38, deep brown skin, copper-red hair in a neat bun, wearing a white sailor shirt with navy-blue horizontal stripes and a blue neckerchief, gold anchor pin, with a white sailor cap with a navy band, calm confident expression, subtle smile, realistic human proportions, studio three-point lighting with warm golden key light, soft rim light, refined skin and fabric textures, plain deep midnight-blue (#0B1026) to indigo (#2A3290) gradient background with soft gold halo behind the head, premium mobile game avatar, high detail, centered, square, face about 45% of the frame"
